<?xml version="1.0" encoding="UTF-8"?>
<project-private xmlns="http://www.netbeans.org/ns/project-private/1">
    <editor-bookmarks xmlns="http://www.netbeans.org/ns/editor-bookmarks/2" lastBookmarkId="0"/>
    <open-files xmlns="http://www.netbeans.org/ns/projectui-open-files/2">
        <group>
            <file>file:/C:/Users/Ideapad%20Slim%203/Documents/NetBeansProjects/MoodMosaicFinals/src/Dailyreminder.java</file>
            <file>file:/C:/Users/Ideapad%20Slim%203/Documents/NetBeansProjects/MoodMosaicFinals/src/Exercises.java</file>
            <file>file:/C:/Users/Ideapad%20Slim%203/Documents/NetBeansProjects/MoodMosaicFinals/src/CreateAccount.java</file>
            <file>file:/C:/Users/Ideapad%20Slim%203/Documents/NetBeansProjects/MoodMosaicFinals/src/Selectmood.java</file>
            <file>file:/C:/Users/Ideapad%20Slim%203/Documents/NetBeansProjects/MoodMosaicFinals/src/Login.java</file>
            <file>file:/C:/Users/Ideapad%20Slim%203/Documents/NetBeansProjects/MoodMosaicFinals/src/Sources.java</file>
            <file>file:/C:/Users/Ideapad%20Slim%203/Documents/NetBeansProjects/MoodMosaicFinals/src/MoodHistory.java</file>
            <file>file:/C:/Users/Ideapad%20Slim%203/Documents/NetBeansProjects/MoodMosaicFinals/src/DailyJournal.java</file>
        </group>
    </open-files>
</project-private>
